Workbook
Name LISTE_CLIENTS: '📋 BASE CLIENTS'!$B$5:$B$54
Name LISTE_LICENCES: '📋 BASE CLIENTS'!$G$5:$G$54

Sheet 📋 BASE CLIENTS
A2: 🗂 EDEN FOOD — BASE DE DONNÉES CLIENTS & LICENCES
A3: 📌 1 ligne = 1 LICENCE | Plusieurs lignes possibles par client | SOLDE (col I) = 🤖 AUTO — double critère CLIENT + LICENCE | Col B = source de la liste déroulante dans COMMANDES
A4: # | B4: NOM / RAISON SOCIALE | C4: ADRESSE LIGNE 1 | D4: ADRESSE LIGNE 2 (optionnel) | E4: VILLE | F4: PAYS | G4: N° LICENCE DPVCT 🔑 | H4: POIDS TOTAL LICENCE (kgs) ✏️ Saisie | I4: SOLDE ACTUEL (kgs) 🤖 AUTO | J4: CONTACT (opt.) | K4: NOTES (opt.)
A5: =IF(B5<>"",ROW()-4,"") | B5: EURL ISLAM FRUITS IMPORT / EXPORT | C5: CITE 1084 LOGEMENT, BT 54 N°21, OULEDYAAICH | E5: BLIDA | F5: ALGERIE | G5: 1195 DPVCT/SDCT/2025 | H5: 1655930 | I5: =IF(OR(B5="",G5=""),"",H5-SUMPRODUCT(('🚢 COMMANDES'!$C$5:$C$154=B5)*('🚢 COMMANDES'!$E$5:$E$154=G5)*('🚢 COMMANDES'!$K$5:$K$154)*IF(ISNUMBER(SEARCH("TURBO",'🚢 COMMANDES'!$H$5:$H$154)),1080,1200)*18.14))
A6: =IF(B6<>"",ROW()-4,"") | B6: EURL ISLAM FRUITS IMPORT / EXPORT | C6: CITE 1084 LOGEMENT, BT 54 N°21, OULEDYAAICH | E6: BLIDA | F6: ALGERIE | G6: 1196 DPVCT/SDCT/2025 | H6: 800000 | I6: =IF(OR(B6="",G6=""),"",H6-SUMPRODUCT(('🚢 COMMANDES'!$C$5:$C$154=B6)*('🚢 COMMANDES'!$E$5:$E$154=G6)*('🚢 COMMANDES'!$K$5:$K$154)*IF(ISNUMBER(SEARCH("TURBO",'🚢 COMMANDES'!$H$5:$H$154)),1080,1200)*18.14))
A7: =IF(B7<>"",ROW()-4,"") | I7: =IF(OR(B7="",G7=""),"",H7-SUMPRODUCT(('🚢 COMMANDES'!$C$5:$C$154=B7)*('🚢 COMMANDES'!$E$5:$E$154=G7)*('🚢 COMMANDES'!$K$5:$K$154)*IF(ISNUMBER(SEARCH("TURBO",'🚢 COMMANDES'!$H$5:$H$154)),1080,1200)*18.14))
A8: =IF(B8<>"",ROW()-4,"") | I8: =IF(OR(B8="",G8=""),"",H8-SUMPRODUCT(('🚢 COMMANDES'!$C$5:$C$154=B8)*('🚢 COMMANDES'!$E$5:$E$154=G8)*('🚢 COMMANDES'!$K$5:$K$154)*IF(ISNUMBER(SEARCH("TURBO",'🚢 COMMANDES'!$H$5:$H$154)),1080,1200)*18.14))
A9: =IF(B9<>"",ROW()-4,"") | I9: =IF(OR(B9="",G9=""),"",H9-SUMPRODUCT(('🚢 COMMANDES'!$C$5:$C$154=B9)*('🚢 COMMANDES'!$E$5:$E$154=G9)*('🚢 COMMANDES'!$K$5:$K$154)*IF(ISNUMBER(SEARCH("TURBO",'🚢 COMMANDES'!$H$5:$H$154)),1080,1200)*18.14))
A10: =IF(B10<>"",ROW()-4,"") | I10: =IF(OR(B10="",G10=""),"",H10-SUMPRODUCT(('🚢 COMMANDES'!$C$5:$C$154=B10)*('🚢 COMMANDES'!$E$5:$E$154=G10)*('🚢 COMMANDES'!$K$5:$K$154)*IF(ISNUMBER(SEARCH("TURBO",'🚢 COMMANDES'!$H$5:$H$154)),1080,1200)*18.14))
A11: =IF(B11<>"",ROW()-4,"") | I11: =IF(OR(B11="",G11=""),"",H11-SUMPRODUCT(('🚢 COMMANDES'!$C$5:$C$154=B11)*('🚢 COMMANDES'!$E$5:$E$154=G11)*('🚢 COMMANDES'!$K$5:$K$154)*IF(ISNUMBER(SEARCH("TURBO",'🚢 COMMANDES'!$H$5:$H$154)),1080,1200)*18.14))
A12: =IF(B12<>"",ROW()-4,"") | I12: =IF(OR(B12="",G12=""),"",H12-SUMPRODUCT(('🚢 COMMANDES'!$C$5:$C$154=B12)*('🚢 COMMANDES'!$E$5:$E$154=G12)*('🚢 COMMANDES'!$K$5:$K$154)*IF(ISNUMBER(SEARCH("TURBO",'🚢 COMMANDES'!$H$5:$H$154)),1080,1200)*18.14))
A13: =IF(B13<>"",ROW()-4,"") | I13: =IF(OR(B13="",G13=""),"",H13-SUMPRODUCT(('🚢 COMMANDES'!$C$5:$C$154=B13)*('🚢 COMMANDES'!$E$5:$E$154=G13)*('🚢 COMMANDES'!$K$5:$K$154)*IF(ISNUMBER(SEARCH("TURBO",'🚢 COMMANDES'!$H$5:$H$154)),1080,1200)*18.14))
A14: =IF(B14<>"",ROW()-4,"") | I14: =IF(OR(B14="",G14=""),"",H14-SUMPRODUCT(('🚢 COMMANDES'!$C$5:$C$154=B14)*('🚢 COMMANDES'!$E$5:$E$154=G14)*('🚢 COMMANDES'!$K$5:$K$154)*IF(ISNUMBER(SEARCH("TURBO",'🚢 COMMANDES'!$H$5:$H$154)),1080,1200)*18.14))
A15: =IF(B15<>"",ROW()-4,"") | I15: =IF(OR(B15="",G15=""),"",H15-SUMPRODUCT(('🚢 COMMANDES'!$C$5:$C$154=B15)*('🚢 COMMANDES'!$E$5:$E$154=G15)*('🚢 COMMANDES'!$K$5:$K$154)*IF(ISNUMBER(SEARCH("TURBO",'🚢 COMMANDES'!$H$5:$H$154)),1080,1200)*18.14))
A16: =IF(B16<>"",ROW()-4,"") | I16: =IF(OR(B16="",G16=""),"",H16-SUMPRODUCT(('🚢 COMMANDES'!$C$5:$C$154=B16)*('🚢 COMMANDES'!$E$5:$E$154=G16)*('🚢 COMMANDES'!$K$5:$K$154)*IF(ISNUMBER(SEARCH("TURBO",'🚢 COMMANDES'!$H$5:$H$154)),1080,1200)*18.14))
A17: =IF(B17<>"",ROW()-4,"") | I17: =IF(OR(B17="",G17=""),"",H17-SUMPRODUCT(('🚢 COMMANDES'!$C$5:$C$154=B17)*('🚢 COMMANDES'!$E$5:$E$154=G17)*('🚢 COMMANDES'!$K$5:$K$154)*IF(ISNUMBER(SEARCH("TURBO",'🚢 COMMANDES'!$H$5:$H$154)),1080,1200)*18.14))
A18: =IF(B18<>"",ROW()-4,"") | I18: =IF(OR(B18="",G18=""),"",H18-SUMPRODUCT(('🚢 COMMANDES'!$C$5:$C$154=B18)*('🚢 COMMANDES'!$E$5:$E$154=G18)*('🚢 COMMANDES'!$K$5:$K$154)*IF(ISNUMBER(SEARCH("TURBO",'🚢 COMMANDES'!$H$5:$H$154)),1080,1200)*18.14))
... A54: =IF(B54<>"",ROW()-4,"") | I54: =IF(OR(B54="",G54=""),"",H54-SUMPRODUCT(('🚢 COMMANDES'!$C$5:$C$154=B54)*('🚢 COMMANDES'!$E$5:$E$154=G54)*('🚢 COMMANDES'!$K$5:$K$154)*IF(ISNUMBER(SEARCH("TURBO",'🚢 COMMANDES'!$H$5:$H$154)),1080,1200)*18.14))
A56: 🤖 SOLDE = POIDS TOTAL − SOMME(commandes où CLIENT = col B ET LICENCE = col G) — chaque licence a son propre solde indépendant

Sheet 🚢 COMMANDES
A2: 🚢 EDEN FOOD — COMMANDES À PRÉPARER
A3: 🔽 Cols C et E = LISTES DÉROULANTES automatiques depuis BASE CLIENTS | Sélectionne le client → sélectionne la licence → le solde se met à jour tout seul
A4: # | B4: SEM. | C4: CLIENT 🔽 Liste | D4: RÉFÉRENCE BOOKING | E4: N° LICENCE 🔽 Liste | F4: NAVIRE | G4: N° VOYAGE | H4: POL 🔽 Liste | I4: DATE DÉPART | J4: ETA | K4: NBR CNT | L4: PRODUIT | M4: STATUT
A5: =IF(C5<>"",ROW()-4,"") | B5: S-18 | C5: EURL ISLAM FRUITS IMPORT / EXPORT | D5: LHV4005539 | E5: 1195 DPVCT/SDCT/2025 | F5: CMA CGM EXCELLENCE | G5: 0DVOPN1MA | H5: TURBO(COLOMBIA) | I5: 02/05/2026 | J5: 19/05/2026 | K5: 1 | L5: BANANE | M5: ✅ GÉNÉRÉ
A6: =IF(C6<>"",ROW()-4,"") | B6: S-19 | C6: EURL ISLAM FRUITS IMPORT / EXPORT | D6: LHV4005540 | E6: 1195 DPVCT/SDCT/2025 | F6: CMA CGM EXCELLENCE | G6: 0DVOPN1MA | H6: MOIN(COSTA RICA) | I6: 07/05/2026 | J6: 26/05/2026 | K6: 15 | L6: BANANE | M6: ⏳ À GÉNÉRER
A7: =IF(C7<>"",ROW()-4,"") | B7: S-20 | C7: EURL ISLAM FRUITS IMPORT / EXPORT | D7: LHV4005541 | E7: 1196 DPVCT/SDCT/2025 | F7: CMA CGM BRAVO | G7: 0DVOPN1MA | H7: TURBO(COLOMBIA) | I7: 15/05/2026 | J7: 01/06/2026 | K7: 8 | L7: BANANE | M7: ⏳ À GÉNÉRER
A8: =IF(C8<>"",ROW()-4,"") | B8: S-21 | C8: EURL ISLAM FRUITS IMPORT / EXPORT | D8: LHV4005542 | E8: 1196 DPVCT/SDCT/2025 | F8: CMA CGM OK | G8: 0DVOPN1MA | H8: MOIN(COSTA RICA) | I8: 21/05/2026 | J8: 08/06/2026 | K8: 7 | L8: BANANE | M8: ⏳ À GÉNÉRER
A9: =IF(C9<>"",ROW()-4,"") | M9: =IF(C9<>"","⏳ À GÉNÉRER","")
A10: =IF(C10<>"",ROW()-4,"") | M10: =IF(C10<>"","⏳ À GÉNÉRER","")
A11: =IF(C11<>"",ROW()-4,"") | M11: =IF(C11<>"","⏳ À GÉNÉRER","")
A12: =IF(C12<>"",ROW()-4,"") | M12: =IF(C12<>"","⏳ À GÉNÉRER","")
A13: =IF(C13<>"",ROW()-4,"") | M13: =IF(C13<>"","⏳ À GÉNÉRER","")
A14: =IF(C14<>"",ROW()-4,"") | M14: =IF(C14<>"","⏳ À GÉNÉRER","")
A15: =IF(C15<>"",ROW()-4,"") | M15: =IF(C15<>"","⏳ À GÉNÉRER","")
A16: =IF(C16<>"",ROW()-4,"") | M16: =IF(C16<>"","⏳ À GÉNÉRER","")
A17: =IF(C17<>"",ROW()-4,"") | M17: =IF(C17<>"","⏳ À GÉNÉRER","")
A18: =IF(C18<>"",ROW()-4,"") | M18: =IF(C18<>"","⏳ À GÉNÉRER","")
A19: =IF(C19<>"",ROW()-4,"") | M19: =IF(C19<>"","⏳ À GÉNÉRER","")
A20: =IF(C20<>"",ROW()-4,"") | M20: =IF(C20<>"","⏳ À GÉNÉRER","")
... A154: =IF(C154<>"",ROW()-4,"") | M154: =IF(C154<>"","⏳ À GÉNÉRER","")
A156: 🔽 Col C = cliquer sur la cellule → flèche liste déroulante → choisir le client | Col E = même principe pour la licence | Si un nouveau client n'apparaît pas → l'ajouter dans BASE CLIENTS d'abord

Sheet 📊 TABLEAU DE BORD
A2: 📊 EDEN FOOD — TABLEAU DE BORD LICENCES
B4: TOTAL LICENCES ENREGISTRÉES | E4: =COUNTA('📋 BASE CLIENTS'!B5:B54)
B5: COMMANDES ⏳ À GÉNÉRER | E5: =COUNTIF('🚢 COMMANDES'!M5:M154,"⏳ À GÉNÉRER")
B6: COMMANDES ✅ GÉNÉRÉES | E6: =COUNTIF('🚢 COMMANDES'!M5:M154,"✅ GÉNÉRÉ")
B7: LICENCES ALERTE 🔴 (< 19 591 kgs) | E7: =COUNTIFS('📋 BASE CLIENTS'!B5:B54,"<>""",'📋 BASE CLIENTS'!I5:I54,">=0",'📋 BASE CLIENTS'!I5:I54,"<19591.2")
B8: LICENCES EN DÉPASSEMENT ❌ (solde < 0) | E8: =COUNTIFS('📋 BASE CLIENTS'!B5:B54,"<>""",'📋 BASE CLIENTS'!I5:I54,"<0")
B9: POIDS TOTAL EN COURS (kgs) | E9: =SUMPRODUCT(('🚢 COMMANDES'!M5:M154="⏳ À GÉNÉRER")*('🚢 COMMANDES'!K5:K154)*IF(ISNUMBER(SEARCH("TURBO",'🚢 COMMANDES'!H5:H154)),1080,1200)*18.14)
B10: SOLDE TOTAL TOUTES LICENCES (kgs) | E10: =SUMIF('📋 BASE CLIENTS'!B5:B54,"<>""",'📋 BASE CLIENTS'!I5:I54)
B11: ⚡ Tous les KPIs se recalculent automatiquement à chaque saisie

Sheet 📖 MODE D'EMPLOI
B2: EDEN FOOD — BASE DE DONNÉES V4 — LISTES DÉROULANTES + MULTI-LICENCES
B4: ━━━ COMMENT SAISIR UNE COMMANDE EN 30 SECONDES ━━━━━━━━━━━━━━━━━━━━━━━━━━━━━━━━━━━━━━━━━━━━━━━━━━━━━━━
B6: 1️⃣ Col B — Saisir la semaine (ex: S-19)
B7: 2️⃣ Col C — Cliquer → 🔽 Sélectionner le client dans la liste
B8: 3️⃣ Col D — Saisir la référence booking
B9: 4️⃣ Col E — Cliquer → 🔽 Sélectionner la licence concernée
B10: ⚠️ Point clé : si le client a 2 licences, tu choisis laquelle est chargée ici
B11: 5️⃣ Cols F-L — Navire, Voyage, POL (🔽 liste), Dates, NBR CNT, Produit
B12: 6️⃣ ✅ Le SOLDE dans BASE CLIENTS se met à jour automatiquement dès la saisie du NBR CNT
B14: ━━━ AJOUTER UN NOUVEAU CLIENT ━━━━━━━━━━━━━━━━━━━━━━━━━━━━━━━━━━━━━━━━━━━━━━━━━━━━━━━━━━━━━━━━━━━━━━━━
B16: → Aller dans BASE CLIENTS → ajouter une ligne (nom, adresse, N° licence, poids total)
B17: → Le nom apparaît AUTOMATIQUEMENT dans la liste déroulante col C de COMMANDES
... B21: « Voici la base Eden Food à jour — génère les confirmations ⏳ À GÉNÉRER »
